BearID,year,MatLitID,sex,age,repro,N15,mass,headcirc,cort.kit,dam,Family.ID,cort,C13.suess,condition,fYEAR,fAGE,LitCort,LitCond,LitNit,MatCort,MatCond,Matd15N,CortRat,CondRat,NitRat
W0004,1999,W0004.1999,F,6,WithCubs,4.62,95,59,1,NA,W0004.1999,5.0114,-22.652,1.610169492,1999,6,4.36,0.98,5.44,5.0114,1.61,4.62,1.14940367,1.643030094,0.849264706
W0005,1999,,M,1,WithMother,5.44,45,46,1,W0004,W0004.1999,4.3646,-22.822,0.97826087,1999,1,4.36,0.98,5.44,,,,1.001055046,0.998225378,1
W0004,2001,W0004.2001,F,8,WithCubs,4.27,86,60,1,NA,W0004.2001,5.2956,-22.728,1.433333333,2001,8,5.34,0.61,4.71,5.2956,1.43,4.27,0.991685393,2.349726775,0.906581741
W0213,2001,,M,1,WithMother,4.69,24,42.5,1,W0004,W0004.2001,5.374,-22.978,0.564705882,2001,1,5.34,0.61,4.71,,,,1.006367041,0.925747348,0.995753715
W0214,2001,,F,1,WithMother,4.72,27,41.5,1,W0004,W0004.2001,5.3152,-23.038,0.65060241,2001,1,5.34,0.61,4.71,,,,0.995355805,1.066561328,1.002123142
W0004,2003,W0004.2003,F,10,WithCubs,4.02,95,62,2,NA,W0004.2003,6.34,-22.844,1.532258065,2003,10,8.21,0.68,4.46,6.34,1.53,4.02,0.772228989,2.253320684,0.901345291
W0422,2003,,F,1,WithMother,4.36,27,40,2,W0004,W0004.2003,7.75,-23.154,0.675,2003,1,8.21,0.68,4.46,,,,0.943970767,0.992647059,0.977578475
W0408,2003,,M,1,WithMother,4.56,29,42.5,2,W0004,W0004.2003,8.66,-23.254,0.682352941,2003,1,8.21,0.68,4.46,,,,1.054811206,1.003460207,1.022421525
W0004,2005,W0004.2005,F,12,WithCubs,4.47,95,64,1,NA,W0004.2005,5.913,-22.93,1.484375,2005,12,7.51,0.71,4.57,5.913,1.48,4.47,0.7873502,2.090669014,0.978118162
W0004,2007,W0004.2007,F,14,WithCubs,4.24,88,65,1,NA,W0004.2007,4.835,-22.966,1.353846154,2007,14,7.33,0.5,4.86,4.835,1.35,4.24,0.659618008,2.707692308,0.872427984
W0812,2007,,M,1,WithMother,4.81,16,38,1,W0004,W0004.2007,7.6476,-23.126,0.421052632,2007,1,7.33,0.5,4.86,,,,1.043328786,0.842105264,0.989711934
W0811,2007,,M,1,WithMother,4.83,22,42,1,W0004,W0004.2007,6.06,-23.106,0.523809524,2007,1,7.33,0.5,4.86,,,,0.826739427,1.047619048,0.99382716
W0810,2007,,M,1,WithMother,4.95,24,43,1,W0004,W0004.2007,8.2748,-23.206,0.558139535,2007,1,7.33,0.5,4.86,,,,1.128894952,1.11627907,1.018518519
W0812,2008,,M,2,WithMother,3.9,39,47,2,W0004,W0004.2008,11.08,-22.844,0.829787234,2008,2,9.71,0.91,3.97,,,,1.141091658,0.911854103,0.982367758
W0811,2008,,M,2,WithMother,3.96,45,48,2,W0004,W0004.2008,9.97,-22.754,0.9375,2008,2,9.71,0.91,3.97,,,,1.026776519,1.03021978,0.997481108
W0810,2008,,M,2,WithMother,4.06,48,50,2,W0004,W0004.2008,8.09,-22.764,0.96,2008,2,9.71,0.91,3.97,,,,0.833161689,1.054945055,1.022670025
W0010,2005,W0010.2005,F,7,WithCubs,4.37,83,60,2,W9403,W0010.2005,8.1,-23.55,1.383333333,2005,7,10.02,0.47,4.99,8.1,1.38,4.37,0.808383234,2.943262411,0.875751503
W0601,2005,,M,1,WithMother,4.99,18,38.5,2,W0010,W0010.2005,10.02,NA,0.467532468,2005,1,10.02,0.47,4.99,,,,1,0.994749932,1
W0010,2007,W0010.2007,F,9,WithCubs,3.7,81,58,1,W9403,W0010.2007,4.8252,-22.656,1.396551724,2007,9,7.29,0.38,4.22,4.8252,1.4,3.7,0.661893004,3.675136116,0.876777251
W0806,2007,,F,1,WithMother,4.14,15,39.5,1,W0010,W0010.2007,4.345,-22.916,0.379746835,2007,1,7.29,0.38,4.22,,,,0.596021948,0.999333776,0.981042654
W0807,2007,,M,1,WithMother,4.3,15,39,1,W0010,W0010.2007,10.2446,-23.036,0.384615385,2007,1,7.29,0.38,4.22,,,,1.405294925,1.01214575,1.018957346
W0018,2004,W0018.2004,F,6,WithCubs,4.27,82,58,1,W9504,W0018.2004,5.1486,-23.062,1.413793103,2004,6,7.32,0.44,4.8,5.1486,1.41,4.27,0.703360656,3.213166143,0.889583333
W0508,2004,,F,1,WithMother,4.8,17,38.5,1,W0018,W0018.2004,7.3242,-23.042,0.441558442,2004,1,7.32,0.44,4.8,,,,1.00057377,1.003541914,1
W0018,2006,W0018.2006,F,8,WithCubs,4.71,97,63,2,W9504,W0018.2006,6.87,-23.208,1.53968254,2006,8,9.95,0.59,5.38,6.87,1.54,4.71,0.690452261,2.609631424,0.875464684
W0710,2006,,M,1,WithMother,5.33,26,44.5,2,W0018,W0018.2006,7.74,-23.318,0.584269663,2006,1,9.95,0.59,5.38,,,,0.777889447,0.990287564,0.99070632
W0708,2006,,M,1,WithMother,5.35,22,38.5,2,W0018,W0018.2006,10.47,-23.168,0.571428571,2006,1,9.95,0.59,5.38,,,,1.052261307,0.968523002,0.994423792
W0709,2006,,F,1,WithMother,5.46,25,41.5,2,W0018,W0018.2006,11.65,-23.008,0.602409639,2006,1,9.95,0.59,5.38,,,,1.170854271,1.021033286,1.014869888
W0104,2005,W0104.2005,F,6,WithCubs,4.36,77,59,2,W9909,W0104.2005,11.35,-22.95,1.305084746,2005,6,15.59,0.46,4.9,11.35,1.31,4.36,0.728030789,2.837140752,0.889795918
W0602,2005,,F,1,WithMother,4.9,19,41,2,W0104,W0104.2005,15.59,-23.47,0.463414634,2005,1,15.59,0.46,4.9,,,,1,1.007423117,1
W0901,2008,,M,1,WithMother,5.3,25,38,2,W0104,W0104.2008,10.93,-23.204,0.657894737,2008,1,9.43,0.64,5.47,,,,1.159066808,1.027960527,0.968921389
W0902,2008,,M,1,WithMother,5.64,25,40,2,W0104,W0104.2008,7.92,-22.824,0.625,2008,1,9.43,0.64,5.47,,,,0.839872747,0.9765625,1.031078611
W0104,2009,W0104.2009,F,10,WithCubs,4.8,97,62,2,W9909,W0104.2009,5.64,-22.912,1.564516129,2009,10,4.72,1.09,5.16,5.64,1.56,4.8,1.194915254,1.435335898,0.930232558
W0901,2009,,M,2,WithMother,4.98,49,47,2,W0104,W0104.2009,4.56,-23.182,1.042553191,2009,2,4.72,1.09,5.16,,,,0.966101695,0.956470817,0.965116279
W0902,2009,,M,2,WithMother,5.33,55,48,2,W0104,W0104.2009,4.87,-23.182,1.145833333,2009,2,4.72,1.09,5.16,,,,1.031779661,1.051223241,1.032945736
W0104,2011,W0104.2011,F,12,WithCubs,4.33,78,60,2,W9909,W0104.2011,9.39,-22.968,1.3,2011,12,9.71,0.53,5.63,9.39,1.3,4.33,0.967044284,2.452830189,0.769094139
W1206,2011,,F,1,WithMother,5.47,22.5,40.5,2,W0104,W0104.2011,9.33,-23.228,0.555555556,2011,1,9.71,0.53,5.63,,,,0.960865088,1.04821803,0.971580817
W1205,2011,,F,1,WithMother,5.79,20,40,2,W0104,W0104.2011,10.08,-23.328,0.5,2011,1,9.71,0.53,5.63,,,,1.038105046,0.943396226,1.028419183
W1205,2012,,F,2,WithMother,4.99,43,48,2,W0104,W0104.2012,2.43,-23.406,0.895833333,2012,2,2.43,0.9,4.99,,,,1,0.99537037,1
W0109,2001,W0109.2001,F,8,WithCubs,3.81,76,57,1,W0121,W0109.2001,4.8448,-22.748,1.333333333,2001,8,5.55,0.44,4.1,4.8448,1.33,3.81,0.872936937,3.03030303,0.929268293
W0208,2001,,F,1,WithMother,3.9,17,38,1,W0109,W0109.2001,5.4132,-22.938,0.447368421,2001,1,5.55,0.44,4.1,,,,0.975351351,1.016746411,0.951219512
W0209,2001,,F,1,WithMother,4.3,16,37,1,W0109,W0109.2001,5.6778,-22.838,0.432432432,2001,1,5.55,0.44,4.1,,,,1.023027027,0.982800982,1.048780488
W0109,2003,W0109.2003,F,10,WithCubs,3.93,87,62,1,W0121,W0109.2003,4.7664,-23.404,1.403225806,2003,10,4.64,0.57,4.25,4.7664,1.4,3.93,1.027241379,2.46179966,0.924705882
W0413,2003,,M,1,WithMother,4.15,24,40,1,W0109,W0109.2003,4.4528,-23.504,0.6,2003,1,4.64,0.57,4.25,,,,0.959655172,1.052631579,0.976470588
W0412,2003,,F,1,WithMother,4.35,21,39,1,W0109,W0109.2003,3.6002,-23.524,0.538461538,2003,1,4.64,0.57,4.25,,,,0.775905172,0.944669365,1.023529412
W0209,2006,W0209.2006,F,6,WithCubs,4.75,81,59,2,W0121,W0209.2006,7.97,-23.378,1.372881356,2006,6,9.75,0.59,5.14,7.97,1.37,4.75,0.817435897,2.326917553,0.924124514
W0701,2006,,F,1,WithMother,5.03,20,NA,2,W0209,W0209.2006,9.56,-23.338,0.592,2006,1,9.75,0.59,5.14,,,,0.980512821,1.003389831,0.978599222
W0702,2006,,F,1,WithMother,5.25,19,NA,2,W0209,W0209.2006,9.94,-23.378,0.592,2006,1,9.75,0.59,5.14,,,,1.019487179,1.003389831,1.021400778
W0217,2010,W0217.2010,F,10,WithCubs,4.5,68,57,2,W9403,W0217.2010,15,-23.07,1.192982456,2010,10,8.1,0.37,5.18,15,1.19,4.5,1.851851852,3.224276908,0.868725869
W1103,2010,,M,1,WithMother,5.18,14,38,2,W0217,W0217.2010,8.1,-23.41,0.368421053,2010,1,8.1,0.37,5.18,,,,1,0.995732576,1
W0217,2012,W0217.2012,F,12,WithCubs,4.69,79,59,2,W9403,W0217.2012,7.59,-23.186,1.338983051,2012,12,11.85,0.35,4.93,7.59,1.34,4.69,0.640506329,3.82566586,0.951318458
W1308,2012,,M,1,WithMother,4.86,15,36,2,W0217,W0217.2012,11.34,-23.426,0.416666667,2012,1,11.85,0.35,4.93,,,,0.956962025,1.190476191,0.985801217
W1307,2012,,M,1,WithMother,4.99,10,35.5,2,W0217,W0217.2012,12.35,-23.536,0.281690141,2012,1,11.85,0.35,4.93,,,,1.042194093,0.804828974,1.012170385
W0219,2010,W0219.2010,F,10,WithCubs,4.58,80,61,2,W9008,W0219.2010,10.76,-23.37,1.31147541,2010,10,11.44,0.34,4.54,10.76,1.31,4.58,0.940559441,3.857280618,1.008810573
W1114,2010,,F,1,WithMother,4.08,14,38,2,W0219,W0219.2010,10.81,-23.26,0.368421053,2010,1,11.44,0.34,4.54,,,,0.94493007,1.083591332,0.898678414
W1113,2010,,M,1,WithMother,5,11.4,37,2,W0219,W0219.2010,12.07,-23.17,0.308108108,2010,1,11.44,0.34,4.54,,,,1.05506993,0.906200318,1.101321586
W0229,2005,W0229.2005,F,8,WithCubs,4.34,89,60,2,W9008,W0229.2005,8.82,-22.96,1.483333333,2005,8,11.41,0.53,4.51,8.82,1.48,4.34,0.773006135,2.798742138,0.962305987
W0605,2005,,F,1,WithMother,4.61,20,38,2,W0229,W0229.2005,13.15,-23.38,0.526315789,2005,1,11.41,0.53,4.51,,,,1.152497809,0.993048658,1.022172949
W0606,2005,,F,1,WithMother,4.82,20,38,2,W0229,W0229.2005,12.76,-23.17,0.526315789,2005,1,11.41,0.53,4.51,,,,1.118317266,0.993048658,1.068736142
W0604,2005,,M,1,WithMother,4.85,NA,NA,2,W0229,W0229.2005,8.31,-23.34,0.527,2005,1,11.41,0.53,4.51,,,,0.728308501,0.994339623,1.075388027
W0229,2008,W0229.2008,F,11,WithCubs,4.3,98,64.5,2,W9008,W0229.2008,16.75,-22.754,1.519379845,2008,11,12.4,0.6,4.67,16.75,1.52,4.3,1.350806452,2.532299742,0.920770878
W0903,2008,,M,1,WithMother,4.64,25,40.5,2,W0229,W0229.2008,14.12,-23.114,0.617283951,2008,1,12.4,0.6,4.67,,,,1.138709677,1.028806585,0.993576017
W0904,2008,,F,1,WithMother,4.69,23,40,2,W0229,W0229.2008,10.68,-23.124,0.575,2008,1,12.4,0.6,4.67,,,,0.861290323,0.958333333,1.004282655
W0904,2009,,F,2,WithMother,4.57,51,49,2,W0229,W0229.2009,4.92,-22.992,1.040816327,2009,2,4.89,1.06,4.83,,,,1.006134969,0.981902195,0.946169772
W0903,2009,,M,2,WithMother,5.09,60,56,2,W0229,W0229.2009,4.85,-23.152,1.071428571,2009,2,4.89,1.06,4.83,,,,0.991820041,1.010781671,1.053830228
W0231,2003,W0231.2003,F,12,WithCubs,4.61,98,65,1,W0121,W0231.2003,6.1874,-23.624,1.507692308,2003,12,3.75,0.63,5.09,6.1874,1.51,4.61,1.649973333,2.393162394,0.905697446
W0421,2003,,M,1,WithMother,5.09,26,41.5,1,W0231,W0231.2003,3.7472,-23.444,0.626506024,2003,1,3.75,0.63,5.09,,,,0.999253333,0.994454006,1
W0231,2007,W0231.2007,F,16,WithCubs,4.6,88,65,1,W0121,W0231.2007,5.3544,-23.016,1.353846154,2007,16,8.77,0.39,5.09,5.3544,1.35,4.6,0.610535918,3.471400395,0.903732809
W0808,2007,,M,1,WithMother,4.92,14,37,1,W0231,W0231.2007,10.8522,-23.226,0.378378378,2007,1,8.77,0.39,5.09,,,,1.237423033,0.970200969,0.966601179
W0809,2007,,M,1,WithMother,5.25,17,42,1,W0231,W0231.2007,6.697,-23.056,0.404761905,2007,1,8.77,0.39,5.09,,,,0.763625998,1.037851038,1.031434185
W0231,2008,W0231.2008,F,17,WithCubs,4.86,83,67,2,W0121,W0231.2008,8.8,-22.784,1.23880597,2008,17,7.53,0.92,4.57,8.8,1.24,4.86,1.168658699,1.346528228,1.06345733
W0808,2008,,M,2,WithMother,4.39,39,45,2,W0231,W0231.2008,8.41,-22.684,0.866666667,2008,2,7.53,0.92,4.57,,,,1.11686587,0.942028986,0.960612691
W0809,2008,,M,2,WithMother,4.75,46,47,2,W0231,W0231.2008,6.65,-22.644,0.978723404,2008,2,7.53,0.92,4.57,,,,0.88313413,1.063829787,1.039387309
W0234,2003,W0234.2003,F,5,WithCubs,4.15,74,56,1,NA,W0234.2003,3.463,-23.314,1.321428571,2003,5,3.26,0.49,4.43,3.463,1.32,4.15,1.062269939,2.696793002,0.936794582
W0407,2003,,F,1,WithMother,4.36,17,38,1,W0234,W0234.2003,2.8946,-23.504,0.447368421,2003,1,3.26,0.49,4.43,,,,0.88791411,0.912996778,0.984198646
W0406,2003,,M,1,WithMother,4.5,21,40,1,W0234,W0234.2003,3.6198,-23.474,0.525,2003,1,3.26,0.49,4.43,,,,1.110368098,1.071428571,1.015801354
W0236,2004,W0236.2004,F,6,WithCubs,3.64,91,59,1,V127808,W0236.2004,5.1682,-23.062,1.542372881,2004,6,5.42,0.55,4.98,5.1682,1.54,3.64,0.953542435,2.804314329,0.730923695
W0513,2004,,F,1,WithMother,4.98,22,40,1,W0236,W0236.2004,5.423,-23.012,0.55,2004,1,5.42,0.55,4.98,,,,1.000553506,1,1
W0237,2003,W0237.2003,F,7,WithCubs,3.82,93,61,2,NA,W0237.2003,6.57,-22.954,1.524590164,2003,7,10.77,0.61,4.59,6.57,1.52,3.82,0.610027855,2.499328138,0.832244009
W0418,2003,,M,1,WithMother,4.29,27,42,2,W0237,W0237.2003,8.65,-23.134,0.642857143,2003,1,10.77,0.61,4.59,,,,0.803156917,1.053864169,0.934640523
W0419,2003,,F,1,WithMother,4.88,22,38.5,2,W0237,W0237.2003,12.88,-22.924,0.571428571,2003,1,10.77,0.61,4.59,,,,1.195914578,0.936768149,1.063180828
W0617,2005,,M,1,WithMother,4.91,25,43,1,W0237,W0237.2005,5.7072,-22.89,0.581395349,2005,1,5.46,0.59,4.97,,,,1.045274725,0.985415846,0.987927565
W0616,2005,,F,1,WithMother,5.03,25,42,1,W0237,W0237.2005,5.2172,-22.93,0.595238095,2005,1,5.46,0.59,4.97,,,,0.955531136,1.008878127,1.012072435
W0818,2007,,F,1,WithMother,4.15,13,35.5,1,W0237,W0237.2007,8.3924,-22.726,0.366197183,2007,1,8.09,0.44,4.46,,,,1.037379481,0.832266325,0.930493274
W0820,2007,,F,1,WithMother,4.6,19,40,2,W0237,W0237.2007,6.82,-22.866,0.475,2007,1,8.09,0.44,4.46,,,,0.843016069,1.079545455,1.031390135
W0819,2007,,F,1,WithMother,4.63,18,38,2,W0237,W0237.2007,9.06,-23.006,0.473684211,2007,1,8.09,0.44,4.46,,,,1.119901112,1.076555025,1.038116592
W0237,2009,W0237.2009,F,13,WithCubs,3.49,90,60.5,2,NA,W0237.2009,16.8,-22.762,1.487603306,2009,13,8.05,0.42,4.21,16.8,1.49,3.49,2.086956522,3.541912633,0.828978622
W1015,2009,,M,1,WithMother,3.97,14,39,2,W0237,W0237.2009,9.34,-22.922,0.358974359,2009,1,8.05,0.42,4.21,,,,1.160248447,0.854700855,0.942992874
W1017,2009,,F,1,WithMother,4.29,18,40,2,W0237,W0237.2009,7.9,-22.942,0.45,2009,1,8.05,0.42,4.21,,,,0.98136646,1.071428571,1.019002375
W1016,2009,,M,1,WithMother,4.38,18,39.5,2,W0237,W0237.2009,6.9,-22.932,0.455696203,2009,1,8.05,0.42,4.21,,,,0.857142857,1.08499096,1.040380048
W0303,2010,W0303.2010,F,9,WithCubs,4.62,74,56,2,W8906,W0303.2010,7.03,-22.29,1.321428571,2010,9,8.32,0.35,4.65,7.03,1.32,4.62,0.844951923,3.775510203,0.993548387
W1101,2010,,M,1,WithMother,4.56,12,38,2,W0303,W0303.2010,8.52,-22.55,0.315789474,2010,1,8.32,0.35,4.65,,,,1.024038462,0.90225564,0.980645161
W1102,2010,,M,1,WithMother,4.74,15.5,39.5,2,W0303,W0303.2010,8.12,-22.51,0.392405063,2010,1,8.32,0.35,4.65,,,,0.975961538,1.121157323,1.019354839
W0303,2012,W0303.2012,F,11,WithCubs,4.2,80,61,2,W8906,W0303.2012,14.51,-22.956,1.31147541,2012,11,9.33,0.58,4.82,14.51,1.31,4.2,1.555198285,2.2611645,0.871369295
W1305,2012,,F,1,WithMother,4.8,21.5,36,2,W0303,W0303.2012,9.81,-23.096,0.597222222,2012,1,9.33,0.58,4.82,,,,1.051446945,1.029693486,0.995850622
W1306,2012,,M,1,WithMother,4.83,23,41,2,W0303,W0303.2012,8.84,-23.036,0.56097561,2012,1,9.33,0.58,4.82,,,,0.947481243,0.967199328,1.002074689
W0326,2004,W0326.2004,F,12,WithCubs,3.95,96,62,2,NA,W0326.2004,8.28,-22.592,1.548387097,2004,12,7.69,0.67,4.17,8.28,1.55,3.95,1.076723017,2.311025518,0.947242206
W0504,2004,,F,1,WithMother,3.76,25,41,2,W0326,W0326.2004,6.23,-22.562,0.609756098,2004,1,7.69,0.67,4.17,,,,0.810143043,0.910083728,0.901678657
W0512,2004,,M,1,WithMother,4.58,30,41,2,W0326,W0326.2004,9.14,-22.772,0.731707317,2004,1,7.69,0.67,4.17,,,,1.188556567,1.092100473,1.098321343
W0326,2007,W0326.2007,F,15,WithCubs,4.25,89,65,1,NA,W0326.2007,6.06,-22.536,1.369230769,2007,15,5.47,0.46,4.56,6.06,1.37,4.25,1.10786106,2.976588628,0.932017544
W0815,2007,,M,1,WithMother,4.5,19,40.5,1,W0326,W0326.2007,4.4626,-22.776,0.469135802,2007,1,5.47,0.46,4.56,,,,0.81583181,1.019860439,0.986842105
W0817,2007,,F,1,WithMother,4.54,17,39,1,W0326,W0326.2007,7.2948,-22.696,0.435897436,2007,1,5.47,0.46,4.56,,,,1.333601463,0.947603122,0.995614035
W0816,2007,,F,1,WithMother,4.63,19,40.5,1,W0326,W0326.2007,4.639,-22.516,0.469135802,2007,1,5.47,0.46,4.56,,,,0.848080439,1.019860439,1.015350877
W0326,2010,W0326.2010,F,18,WithCubs,4.4,82,60,2,NA,W0326.2010,12.36,-22.67,1.366666667,2010,18,12.46,0.38,4.53,12.36,1.37,4.4,0.991974318,3.596491229,0.971302428
W1110,2010,,F,1,WithMother,4.51,14,39.5,2,W0326,W0326.2010,12.01,-22.73,0.35443038,2010,1,12.46,0.38,4.53,,,,0.96388443,0.932711526,0.995584989
W1109,2010,,M,1,WithMother,4.53,17,40,2,W0326,W0326.2010,11.99,-22.77,0.425,2010,1,12.46,0.38,4.53,,,,0.962279294,1.118421053,1
W1108,2010,,M,1,WithMother,4.54,13.5,39,2,W0326,W0326.2010,13.37,-22.76,0.346153846,2010,1,12.46,0.38,4.53,,,,1.073033708,0.910931174,1.002207506
W0425,2005,W0425.2005,F,6,WithCubs,4.81,72,57,2,W0325,W0425.2005,8.33,-23.16,1.263157895,2005,6,10.14,0.4,4.95,8.33,1.26,4.81,0.821499014,3.157894738,0.971717172
W0611,2005,,F,1,WithMother,4.91,15,35,2,W0425,W0425.2005,10.22,-23.32,0.428571429,2005,1,10.14,0.4,4.95,,,,1.007889546,1.071428573,0.991919192
W0610,2005,,F,1,WithMother,4.99,13,35,2,W0425,W0425.2005,10.05,NA,0.371428571,2005,1,10.14,0.4,4.95,,,,0.99112426,0.928571428,1.008080808
W0425,2007,W0425.2007,F,8,WithCubs,4.23,71,58,1,W0325,W0425.2007,9.5586,-22.686,1.224137931,2007,8,5.12,0.31,4.53,9.5586,1.22,4.23,1.866914063,3.948832035,0.933774834
W0823,2007,,F,1,WithMother,4.5,9.5,35,1,W0425,W0425.2007,5.57,-23.006,0.271428571,2007,1,5.12,0.31,4.53,,,,1.087890625,0.875576035,0.993377483
W0825,2007,,F,1,WithMother,4.51,11.5,36,1,W0425,W0425.2007,5.1878,-22.606,0.319444444,2007,1,5.12,0.31,4.53,,,,1.013242188,1.030465948,0.995584989
W0824,2007,,M,1,WithMother,4.59,12.5,37,1,W0425,W0425.2007,4.5998,-22.926,0.337837838,2007,1,5.12,0.31,4.53,,,,0.898398438,1.089799477,1.013245033
W0425,2010,W0425.2010,F,11,WithCubs,4.18,65.4,57,2,W0325,W0425.2010,9.74,-22.93,1.147368421,2010,11,11.45,0.22,4.41,9.74,1.15,4.18,0.850655022,5.215311005,0.947845805
W1111,2010,,F,1,WithMother,4.41,8,36,2,W0425,W0425.2010,11.45,-23.03,0.222222222,2010,1,11.45,0.22,4.41,,,,1,1.010101009,1
W0425,2012,W0425.2012,F,13,WithCubs,4.65,76,59,2,W0325,W0425.2012,10.86,-23.556,1.288135593,2012,13,8.53,0.4,4.61,10.86,1.29,4.65,1.273153576,3.220338983,1.00867679
W1316,2012,,M,1,WithMother,4.52,17,40,2,W0425,W0425.2012,9.81,-23.086,0.425,2012,1,8.53,0.4,4.61,,,,1.150058617,1.0625,0.980477223
W1315,2012,,F,1,WithMother,4.61,15,38,2,W0425,W0425.2012,8.01,-22.976,0.394736842,2012,1,8.53,0.4,4.61,,,,0.939038687,0.986842105,1
W1317,2012,,M,1,WithMother,4.7,15.5,40,2,W0425,W0425.2012,7.77,-23.166,0.3875,2012,1,8.53,0.4,4.61,,,,0.910902696,0.96875,1.019522777
W0517,2006,W0517.2006,F,6,WithCubs,4.57,62,53.5,1,NA,W0517.2006,6.0698,-23.178,1.158878505,2006,6,6.36,0.32,5.09,6.0698,1.16,4.57,0.954371069,3.621495328,0.8978389
W0713,2006,,F,1,WithMother,5.05,12,38,1,W0517,W0517.2006,5.0898,-23.188,0.315789474,2006,1,6.36,0.32,5.09,,,,0.800283019,0.986842106,0.992141454
W0712,2006,,F,1,WithMother,5.12,12,37.5,1,W0517,W0517.2006,7.6378,-23.108,0.32,2006,1,6.36,0.32,5.09,,,,1.20091195,1,1.00589391
W0517,2010,W0517.2010,F,10,WithCubs,4.26,58,54,2,NA,W0517.2010,11.05,-22.17,1.074074074,2010,10,11.97,0.28,4.55,11.05,1.07,4.26,0.923141186,3.835978836,0.936263736
W1107,2010,,M,1,WithMother,4.43,11,39,2,W0517,W0517.2010,9.8,-22.49,0.282051282,2010,1,11.97,0.28,4.55,,,,0.81871345,1.007326007,0.973626374
W1106,2010,,F,1,WithMother,4.66,10,36,2,W0517,W0517.2010,14.14,-22.49,0.277777778,2010,1,11.97,0.28,4.55,,,,1.18128655,0.992063493,1.024175824
W0605,2012,W0605.2012,F,8,WithCubs,4.63,72,57,2,W0229,W0605.2012,8.18,-23.196,1.263157895,2012,8,8.84,0.43,4.91,8.18,1.26,4.63,0.925339367,2.9375765,0.942973523
W1302,2012,,M,1,WithMother,4.81,17,40,2,W0605,W0605.2012,9.64,-23.706,0.425,2012,1,8.84,0.43,4.91,,,,1.090497738,0.988372093,0.979633401
W1301,2012,,M,1,WithMother,5,17,39.5,2,W0605,W0605.2012,8.03,-23.586,0.430379747,2012,1,8.84,0.43,4.91,,,,0.908371041,1.000883133,1.018329939
W0620,2011,W0620.2011,F,7,WithCubs,4.42,79,63,2,W0004,W0620.2011,8,-22.858,1.253968254,2011,7,10.11,0.48,5.38,8,1.25,4.42,0.791295747,2.612433863,0.821561338
W1207,2011,,M,1,WithMother,5.38,20,42,2,W0620,W0620.2011,10.11,-23.478,0.476190476,2011,1,10.11,0.48,5.38,,,,1,0.992063492,1
W0621,2012,W0621.2012,F,8,WithCubs,4.21,86,62,2,W9913,W0621.2012,27.41,-23.176,1.387096774,2012,8,8.34,0.46,4.84,27.41,1.39,4.21,3.286570743,3.01542777,0.869834711
W1310,2012,,F,1,WithMother,4.66,18.5,41,2,W0621,W0621.2012,9.72,-21.976,0.451219512,2012,1,8.34,0.46,4.84,,,,1.165467626,0.980911983,0.962809917
W1311,2012,,F,1,WithMother,5.01,17,37,2,W0621,W0621.2012,6.95,-22.196,0.459459459,2012,1,8.34,0.46,4.84,,,,0.833333333,0.998824911,1.035123967
W0623,2010,W0623.2010,F,6,WithCubs,4.4,70,57,2,W9914,W0623.2010,10.91,-23.22,1.228070175,2010,6,10.33,0.46,4.94,10.91,1.23,4.4,1.056147144,2.669717772,0.890688259
W1112,2010,,F,1,WithMother,4.94,18.5,40.5,2,W0623,W0623.2010,10.33,-23.24,0.456790123,2010,1,10.33,0.46,4.94,,,,1,0.993022007,1
W0716,2009,W0716.2009,F,9,WithCubs,3.94,89,60,2,NA,W0716.2009,14.58,-23.332,1.483333333,2009,9,8.55,0.51,4.55,14.58,1.48,3.94,1.705263158,2.908496731,0.865934066
W1003,2009,,M,1,WithMother,4.49,19,38,2,W0716,W0716.2009,6.64,-23.212,0.5,2009,1,8.55,0.51,4.55,,,,0.776608187,0.980392157,0.986813187
W1002,2009,,M,1,WithMother,4.55,21,38,2,W0716,W0716.2009,7.2,-23.402,0.552631579,2009,1,8.55,0.51,4.55,,,,0.842105263,1.083591331,1
W1004,2009,,M,1,WithMother,4.6,18,38,2,W0716,W0716.2009,11.82,-23.462,0.473684211,2009,1,8.55,0.51,4.55,,,,1.38245614,0.928792571,1.010989011
W0716,2011,W0716.2011,F,11,WithCubs,4.49,87,60,2,NA,W0716.2011,6.38,-23.108,1.45,2011,11,10.45,0.51,5.51,6.38,1.45,4.49,0.610526316,2.843137255,0.814882033
W1209,2011,,F,1,WithMother,5.44,NA,37,2,W0716,W0716.2011,9.71,-23.738,0.51,2011,1,10.45,0.51,5.51,,,,0.929186603,1,0.987295826
W1204,2011,,M,1,WithMother,5.57,18.5,37,2,W0716,W0716.2011,11.18,-23.768,0.5,2011,1,10.45,0.51,5.51,,,,1.069856459,0.980392157,1.010889292
W1006,2009,,F,1,WithMother,4.82,14.5,38,2,W0720,W0720.2009,9.59,-23.142,0.381578947,2009,1,10.68,0.39,4.86,,,,0.897940075,0.978407556,0.991769547
W1005,2009,,M,1,WithMother,4.9,15.5,39,2,W0720,W0720.2009,11.77,-23.102,0.397435897,2009,1,10.68,0.39,4.86,,,,1.102059925,1.019066403,1.008230453
W0720,2010,W0720.2010,F,11,WithCubs,4.65,56,56,2,W0325,W0720.2010,10.03,-22.87,1,2010,11,7.48,0.53,4.45,10.03,1,4.65,1.340909091,1.886792453,1.04494382
W1005,2010,,M,2,WithMother,4.4,22,39,2,W0720,W0720.2010,7.11,-22.93,0.564102564,2010,2,7.48,0.53,4.45,,,,0.950534759,1.06434446,0.988764045
W1006,2010,,F,2,WithMother,4.5,23,45.5,2,W0720,W0720.2010,7.84,-22.98,0.505494505,2010,2,7.48,0.53,4.45,,,,1.048128342,0.953763217,1.011235955
W0826,2009,W0826.2009,F,13,WithCubs,4.11,83,62,2,W0124,W0826.2009,10.04,-22.682,1.338709677,2009,13,9.45,0.47,4.48,10.04,1.34,4.11,1.062433862,2.848318462,0.917410714
W1010,2009,,M,1,WithMother,4.41,15.5,39,2,W0826,W0826.2009,9.38,-22.832,0.397435897,2009,1,9.45,0.47,4.48,,,,0.992592593,0.845608291,0.984375
W1012,2009,,M,1,WithMother,4.46,20,38,2,W0826,W0826.2009,10.2,-23.192,0.526315789,2009,1,9.45,0.47,4.48,,,,1.079365079,1.119820828,0.995535714
W1011,2009,,F,1,WithMother,4.56,17,34,2,W0826,W0826.2009,8.78,-22.792,0.5,2009,1,9.45,0.47,4.48,,,,0.929100529,1.063829787,1.017857143
W8808,1995,W8808.1995,F,15,WithCubs,3.92,94,62,1,NA,W8808.1995,4.6586,-22.99,1.516129032,1995,15,4.84,0.63,4.62,4.6586,1.52,3.92,0.962520661,2.406554019,0.848484848
W9613,1995,,F,1,WithMother,4.44,26,43,1,W8808,W8808.1995,5.5308,-23.37,0.604651163,1995,1,4.84,0.63,4.62,,,,1.142727273,0.959763751,0.961038961
W9612,1995,,M,1,WithMother,4.8,28,43,1,W8808,W8808.1995,4.1392,-23.16,0.651162791,1995,1,4.84,0.63,4.62,,,,0.855206612,1.033591732,1.038961039
W8808,1998,W8808.1998,F,18,WithCubs,4.21,90,61,1,NA,W8808.1998,5.0702,-22.774,1.475409836,1998,18,4.36,0.57,4.86,5.0702,1.48,4.21,1.162889908,2.588438309,0.866255144
W9912,1998,,F,1,WithMother,4.79,21,39,1,W8808,W8808.1998,4.3058,-22.884,0.538461538,1998,1,4.36,0.57,4.86,,,,0.987568807,0.944669365,0.985596708
W9911,1998,,F,1,WithMother,4.92,22.5,38,1,W8808,W8808.1998,4.4234,-22.994,0.592105263,1998,1,4.36,0.57,4.86,,,,1.014541284,1.038781163,1.012345679
W0119,2000,,M,1,WithMother,4.86,26,39.5,1,W8808,W8808.2000,4.933,-22.98,0.658227848,2000,1,5.04,0.61,4.87,,,,0.978769841,1.079062046,0.997946612
W0118,2000,,M,1,WithMother,4.88,22,39.5,1,W8808,W8808.2000,5.1486,-23.04,0.556962025,2000,1,5.04,0.61,4.87,,,,1.021547619,0.9130525,1.002053388
W8808,2002,W8808.2002,F,22,WithCubs,4.22,83,62,2,NA,W8808.2002,7.81,-22.816,1.338709677,2002,22,12.49,0.48,5.08,7.81,1.34,4.22,0.62530024,2.788978494,0.830708661
W0321,2002,,M,1,WithMother,4.97,17,37,2,W8808,W8808.2002,13.53,-23.136,0.459459459,2002,1,12.49,0.48,5.08,,,,1.083266613,0.957207206,0.978346457
W0322,2002,,M,1,WithMother,5.01,20,40,2,W8808,W8808.2002,12.91,NA,0.5,2002,1,12.49,0.48,5.08,,,,1.033626902,1.041666667,0.986220472
W0320,2002,,M,1,WithMother,5.27,19,39.5,2,W8808,W8808.2002,11.04,-23.106,0.481012658,2002,1,12.49,0.48,5.08,,,,0.883907126,1.002109704,1.037401575
W8811,1995,W8811.1995,F,18,WithCubs,4.69,102,64,1,NA,W8811.1995,5.1486,-22.62,1.59375,1995,18,4.07,0.66,4.7,5.1486,1.59,4.69,1.265012285,2.414772727,0.99787234
W9605,1995,,F,1,WithMother,4.28,28,41,1,W8811,W8811.1995,3.8844,NA,0.682926829,1995,1,4.07,0.66,4.7,,,,0.954398034,1.03473762,0.910638298
W9603,1995,,M,1,WithMother,5.11,26.5,41,1,W8811,W8811.1995,4.247,-23.13,0.646341463,1995,1,4.07,0.66,4.7,,,,1.043488943,0.979305247,1.087234043
W8811,1996,W8811.1996,F,19,WithCubs,4.99,104,62,1,NA,W8811.1996,3.512,-22.588,1.677419355,1996,19,2.32,1.13,4.81,3.512,1.68,4.99,1.513793103,1.484441907,1.037422037
W9605,1996,,F,2,WithMother,4.81,53,47,1,W8811,W8811.1996,2.3164,-22.338,1.127659574,1996,2,2.32,1.13,4.81,,,,0.998448276,0.997928827,1
W0024,1999,,M,1,WithMother,5.4,36,42,1,W8811,W8811.1999,4.2274,-22.762,0.857142857,1999,1,4.23,0.86,5.4,,,,0.999385343,0.996677741,1
W8904,1996,W8904.1996,F,10,WithCubs,5.13,100,62,1,NA,W8904.1996,3.561,-23.048,1.612903226,1996,10,3.75,0.86,5.85,3.561,1.61,5.13,0.9496,1.875468867,0.876923077
W9703,1996,,F,1,WithMother,5.85,37,43,1,W8904,W8904.1996,3.7472,-22.608,0.860465116,1996,1,3.75,0.86,5.85,,,,0.999253333,1.000540833,1
W8904,1999,W8904.1999,F,13,WithCubs,5.17,107,60,1,NA,W8904.1999,4.0412,-22.772,1.783333333,1999,13,3.46,0.9,5.78,4.0412,1.78,5.17,1.167976879,1.981481481,0.894463668
W0015,1999,,F,1,WithMother,5.72,36,41.5,1,W8904,W8904.1999,3.4336,-22.942,0.86746988,1999,1,3.46,0.9,5.78,,,,0.992369942,0.963855422,0.989619377
W0014,1999,,M,1,WithMother,5.84,42,45,1,W8904,W8904.1999,3.4924,-23.022,0.933333333,1999,1,3.46,0.9,5.78,,,,1.009364162,1.037037037,1.010380623
W8904,2002,W8904.2002,F,16,WithCubs,4.39,84,60,2,NA,W8904.2002,7.69,-23.116,1.4,2002,16,9.86,0.55,4.93,7.69,1.4,4.39,0.779918864,2.545454545,0.890466531
W0314,2002,,M,1,WithMother,4.86,21,41,2,W8904,W8904.2002,9.26,-23.066,0.512195122,2002,1,9.86,0.55,4.93,,,,0.939148073,0.931263858,0.985801217
W0313,2002,,M,1,WithMother,5,24,41,2,W8904,W8904.2002,10.46,-22.886,0.585365854,2002,1,9.86,0.55,4.93,,,,1.060851927,1.064301553,1.014198783
W8904,2005,W8904.2005,F,19,WithCubs,4.75,91,61,1,NA,W8904.2005,6.207,-23.44,1.491803279,2005,19,7.27,0.55,5.16,6.207,1.49,4.75,0.853782669,2.712369598,0.920542636
W0607,2005,,F,1,WithMother,5.06,17,37,1,W8904,W8904.2005,5.4426,-23.22,0.459459459,2005,1,7.27,0.55,5.16,,,,0.748638239,0.835380835,0.980620155
W0608,2005,,F,1,WithMother,5.14,24,40,1,W8904,W8904.2005,9.8232,-23.49,0.6,2005,1,7.27,0.55,5.16,,,,1.351196699,1.090909091,0.996124031
W0609,2005,,F,1,WithMother,5.29,22.5,39,1,W8904,W8904.2005,6.5304,-23.23,0.576923077,2005,1,7.27,0.55,5.16,,,,0.89826685,1.048951049,1.025193798
W8905,1995,W8905.1995,F,9,WithCubs,4.29,85,59,1,NA,W8905.1995,4.3744,-22.66,1.440677966,1995,9,5.37,0.58,4.66,4.3744,1.44,4.29,0.814599628,2.483927528,0.920600858
W9615,1995,,F,1,WithMother,4.48,21,39.5,1,W8905,W8905.1995,5.766,-22.95,0.53164557,1995,1,5.37,0.58,4.66,,,,1.073743017,0.916630293,0.961373391
W9614,1995,,M,1,WithMother,4.83,25,40,1,W8905,W8905.1995,4.982,-22.87,0.625,1995,1,5.37,0.58,4.66,,,,0.927746741,1.077586207,1.036480687
W8906,1996,W8906.1996,F,16,WithCubs,4.44,118,65,1,NA,W8906.1996,3.6198,-23.048,1.815384615,1996,16,4.84,0.89,4.83,3.6198,1.82,4.44,0.747892562,2.039757994,0.919254658
W9701,1996,,M,1,WithMother,4.77,35.5,39,1,W8906,W8906.1996,5.1584,-23.418,0.91025641,1996,1,4.84,0.89,4.83,,,,1.065785124,1.022760011,0.98757764
W9702,1996,,M,1,WithMother,4.88,35,40,1,W8906,W8906.1996,4.5312,-23.428,0.875,1996,1,4.84,0.89,4.83,,,,0.936198347,0.983146067,1.010351967
W8906,1998,W8906.1998,F,18,WithCubs,4.82,110,66,1,NA,W8906.1998,4.3352,-22.854,1.666666667,1998,18,3.97,0.59,5.14,4.3352,1.67,4.82,1.091989924,2.824858758,0.937743191
W9920,1998,,M,1,WithMother,5.07,23,40,1,W8906,W8906.1998,3.561,-22.784,0.575,1998,1,3.97,0.59,5.14,,,,0.89697733,0.974576271,0.986381323
W9918,1998,,M,1,WithMother,5.1,26,41,1,W8906,W8906.1998,4.1196,-22.734,0.634146341,1998,1,3.97,0.59,5.14,,,,1.03768262,1.074824307,0.992217899
W9919,1998,,F,1,WithMother,5.26,22,40,1,W8906,W8906.1998,4.2372,-22.784,0.55,1998,1,3.97,0.59,5.14,,,,1.067304786,0.93220339,1.023346304
W8906,2000,W8906.2000,F,20,WithCubs,4.72,125,69,1,NA,W8906.2000,3.3748,-22.71,1.811594203,2000,20,4.31,0.59,5.13,3.3748,1.81,4.72,0.783016241,3.070498649,0.920077973
W0115,2000,,M,1,WithMother,4.4,26,41,1,W8906,W8906.2000,3.7374,-23.11,0.634146341,2000,1,4.31,0.59,5.13,,,,0.867146172,1.074824307,0.857699805
W0116,2000,,M,1,WithMother,5.34,28,42,1,W8906,W8906.2000,4.2274,-23.25,0.666666667,2000,1,4.31,0.59,5.13,,,,0.980835267,1.129943503,1.040935673
W0117,2000,,F,1,WithMother,5.64,18,39,1,W8906,W8906.2000,4.9722,-21.95,0.461538462,2000,1,4.31,0.59,5.13,,,,1.153642691,0.78226858,1.099415205
W8906,2002,W8906.2002,F,22,WithCubs,4.65,97,65,2,NA,W8906.2002,5.36,-22.926,1.492307692,2002,22,7.68,0.5,5.3,5.36,1.49,4.65,0.697916667,2.984615384,0.877358491
W0302,2002,,M,1,WithMother,5.1,26,41,2,W8906,W8906.2002,8.86,-23.076,0.634146341,2002,1,7.68,0.5,5.3,,,,1.153645833,1.268292682,0.962264151
W0301,2002,,M,1,WithMother,5.28,14,35,2,W8906,W8906.2002,9.94,-23.456,0.4,2002,1,7.68,0.5,5.3,,,,1.294270833,0.8,0.996226415
W0303,2002,,F,1,WithMother,5.52,18,38,1,W8906,W8906.2002,4.2372,-23.106,0.473684211,2002,1,7.68,0.5,5.3,,,,0.55171875,0.947368422,1.041509434
W8906,2004,W8906.2004,F,24,WithCubs,3.89,127,70,1,NA,W8906.2004,8.0592,-23.742,1.814285714,2004,24,5.97,0.54,4.4,8.0592,1.81,3.89,1.349949749,3.359788359,0.884090909
W0507,2004,,F,1,WithMother,4.4,22,41,1,W8906,W8906.2004,5.9718,-23.892,0.536585366,2004,1,5.97,0.54,4.4,,,,1.000301508,0.993676604,1
W9003,1995,W9003.1995,F,7,WithCubs,4.28,92,58,1,W8802,W9003.1995,4.5508,NA,1.586206897,1995,7,4.47,0.48,4.57,4.5508,1.59,4.28,1.018076063,3.304597702,0.93654267
W9601,1995,,F,1,WithMother,4.28,18.5,37,1,W9003,W9003.1995,4.541,NA,0.5,1995,1,4.47,0.48,4.57,,,,1.015883669,1.041666667,0.93654267
W9602,1995,,F,1,WithMother,4.86,18,39,1,W9003,W9003.1995,4.394,-22.92,0.461538462,1995,1,4.47,0.48,4.57,,,,0.982997763,0.961538463,1.06345733
W9003,1996,W9003.1996,F,8,WithCubs,5.03,103,59,1,W8802,W9003.1996,3.6394,-22.728,1.745762712,1996,8,3.96,0.57,4.84,3.6394,1.75,5.03,0.919040404,3.0627416,1.039256198
W9003,1998,W9003.1998,F,10,WithCubs,4.41,104,61,1,W8802,W9003.1998,3.4924,-22.934,1.704918033,1998,10,3.57,0.62,4.78,3.4924,1.7,4.41,0.978263305,2.749867795,0.922594142
W9908,1998,,F,1,WithMother,4.69,23,41.5,1,W9003,W9003.1998,4.1294,-22.774,0.554216867,1998,1,3.57,0.62,4.78,,,,1.156694678,0.893898173,0.981171548
W9907,1998,,M,1,WithMother,4.86,29,42,1,W9003,W9003.1998,3.0122,-22.484,0.69047619,1998,1,3.57,0.62,4.78,,,,0.843753501,1.113671274,1.016736402
W9003,2000,W9003.2000,F,12,WithCubs,5.1,112,62,1,W8802,W9003.2000,3.3552,-22.91,1.806451613,2000,12,3.71,0.65,5.49,3.3552,1.81,5.1,0.904366577,2.779156328,0.928961749
W0107,2000,,F,1,WithMother,5.49,28.5,44,1,W9003,W9003.2000,3.708,-22.69,0.647727273,2000,1,3.71,0.65,5.49,,,,0.999460916,0.996503497,1
W9007,2003,W9007.2003,F,18,WithCubs,4.19,98,62,1,NA,W9007.2003,4.345,-22.934,1.580645161,2003,18,3.62,0.63,4.57,4.345,1.58,4.19,1.200276243,2.508960573,0.916849015
W0404,2003,,M,1,WithMother,4.37,25,41,1,W9007,W9007.2003,3.8844,-23.124,0.609756098,2003,1,3.62,0.63,4.57,,,,1.073038674,0.967866822,0.956236324
W0405,2003,,F,1,WithMother,4.76,29,45,1,W9007,W9007.2003,3.3552,-22.964,0.644444444,2003,1,3.62,0.63,4.57,,,,0.926850829,1.022927689,1.041575492
W9008,1995,W9008.1995,F,10,WithCubs,3.26,95,60,1,W8811,W9008.1995,4.6488,-23.45,1.583333333,1995,10,5.21,0.6,3.88,4.6488,1.58,3.26,0.892284069,2.638888888,0.840206186
W9608,1995,,M,1,WithMother,3.79,24,40,1,W9008,W9008.1995,4.835,-23.75,0.6,1995,1,5.21,0.6,3.88,,,,0.928023033,1,0.976804124
W9609,1995,,M,1,WithMother,3.87,23,40,1,W9008,W9008.1995,5.129,-23.61,0.575,1995,1,5.21,0.6,3.88,,,,0.984452975,0.958333333,0.99742268
W9610,1995,,M,1,WithMother,3.99,26,42,1,W9008,W9008.1995,5.6778,-23.59,0.619047619,1995,1,5.21,0.6,3.88,,,,1.089788868,1.031746032,1.028350515
W9008,1997,W9008.1997,F,12,WithCubs,3.92,102,62,1,W8811,W9008.1997,3.6394,-23.356,1.64516129,1997,12,4.43,0.63,4.81,3.6394,1.65,3.92,0.821534989,2.611367127,0.814968815
W9805,1997,,F,1,WithMother,4.8,25,40,1,W9008,W9008.1997,4.688,-23.216,0.625,1997,1,4.43,0.63,4.81,,,,1.058239278,0.992063492,0.997920998
W9804,1997,,F,1,WithMother,4.81,27,43,1,W9008,W9008.1997,4.1784,-23.166,0.627906977,1997,1,4.43,0.63,4.81,,,,0.943205418,0.996677741,1
W9008,1999,W9008.1999,F,14,WithCubs,3.92,111,61,2,W8811,W9008.1999,5.42,-23.252,1.819672131,1999,14,8.57,0.75,4.66,5.42,1.82,3.92,0.63243874,2.426229508,0.841201717
W0021,1999,,F,1,WithMother,4.6,30,40,2,W9008,W9008.1999,7.45,-23.252,0.75,1999,1,8.57,0.75,4.66,,,,0.869311552,1,0.987124464
W0022,1999,,M,1,WithMother,4.67,30,39,2,W9008,W9008.1999,12.57,-23.052,0.769230769,1999,1,8.57,0.75,4.66,,,,1.466744457,1.025641025,1.002145923
W0023,1999,,M,1,WithMother,4.71,28,38,2,W9008,W9008.1999,5.7,-23.262,0.736842105,1999,1,8.57,0.75,4.66,,,,0.665110852,0.98245614,1.010729614
W9008,2001,W9008.2001,F,16,WithCubs,3.99,96,63,1,W8811,W9008.2001,5.2956,-23.378,1.523809524,2001,16,5.41,0.6,4.66,5.2956,1.52,3.99,0.978853974,2.53968254,0.856223176
W0220,2001,,M,1,WithMother,4.59,25,40,1,W9008,W9008.2001,5.6288,-23.258,0.625,2001,1,5.41,0.6,4.66,,,,1.040443623,1.041666667,0.984978541
W0219,2001,,F,1,WithMother,4.73,24,42,1,W9008,W9008.2001,5.1976,-23.228,0.571428571,2001,1,5.41,0.6,4.66,,,,0.960739372,0.952380952,1.015021459
W9101,1997,W9101.1997,F,8,WithCubs,4.09,95,62,1,W8906,W9101.1997,3.6394,-23.206,1.532258065,1997,8,4.35,0.62,4.63,3.6394,1.53,4.09,0.836643678,2.471383976,0.88336933
W9801,1997,,M,1,WithMother,4.63,25.5,41,1,W9101,W9101.1997,4.345,-23.256,0.62195122,1997,1,4.35,0.62,4.63,,,,0.998850575,1.003147129,1
W9101,2000,W9101.2000,F,11,WithCubs,4.29,93,61,2,W8906,W9101.2000,9.62,-22.84,1.524590164,2000,11,10.1,0.52,4.79,9.62,1.52,4.29,0.952475248,2.931904162,0.895615866
W0114,2000,,M,1,WithMother,4.64,19,38,2,W9101,W9101.2000,11.02,-23.02,0.5,2000,1,10.1,0.52,4.79,,,,1.091089109,0.961538462,0.96868476
W0113,2000,,M,1,WithMother,4.79,20,39,2,W9101,W9101.2000,10.46,-23.08,0.512820513,2000,1,10.1,0.52,4.79,,,,1.035643564,0.986193294,1
W0112,2000,,M,1,WithMother,4.93,22,40,2,W9101,W9101.2000,8.83,-22.78,0.55,2000,1,10.1,0.52,4.79,,,,0.874257426,1.057692308,1.029227557
W9101,2002,W9101.2002,F,13,WithCubs,4.6,81,61,1,W8906,W9101.2002,5.9522,-22.856,1.327868852,2002,13,6.17,0.37,5.12,5.9522,1.33,4.6,0.964700162,3.588834735,0.8984375
W0315,2002,,M,1,WithMother,4.89,13,36,1,W9101,W9101.2002,5.2074,-22.916,0.361111111,2002,1,6.17,0.37,5.12,,,,0.843987034,0.975975976,0.955078125
W0316,2002,,M,1,WithMother,5.34,14,37,1,W9101,W9101.2002,7.138,-22.916,0.378378378,2002,1,6.17,0.37,5.12,,,,1.156888169,1.022644265,1.04296875
W9101,2004,W9101.2004,F,15,WithCubs,4.46,106,64,1,W8906,W9101.2004,3.5218,-23.392,1.65625,2004,15,6.39,0.62,4.15,3.5218,1.66,4.46,0.55114241,2.671370968,1.074698795
W0506,2004,,M,1,WithMother,4.02,27.5,42,1,W9101,W9101.2004,6.942,-23.452,0.654761905,2004,1,6.39,0.62,4.15,,,,1.086384977,1.056067589,0.968674699
W0505,2004,,F,1,WithMother,4.28,23.5,40,1,W9101,W9101.2004,5.8346,-23.642,0.5875,2004,1,6.39,0.62,4.15,,,,0.913082942,0.947580645,1.031325301
W0814,2007,,F,1,WithMother,4.69,15,37.5,1,W9101,W9101.2007,4.6194,-23.146,0.4,2007,1,4.62,0.4,4.69,,,,0.99987013,1,1
W9207,1995,W9207.1995,F,5,WithCubs,3.54,76,56,1,W8808,W9207.1995,4.59,-23.44,1.357142857,1995,5,4.42,0.52,4.61,4.59,1.36,3.54,1.038461538,2.60989011,0.767895879
W9607,1995,,F,1,WithMother,4.54,21,40,1,W9207,W9207.1995,4.3254,-23.56,0.525,1995,1,4.42,0.52,4.61,,,,0.978597285,1.009615385,0.984815618
W9606,1995,,F,1,WithMother,4.67,21,41,1,W9207,W9207.1995,4.5116,-23.66,0.512195122,1995,1,4.42,0.52,4.61,,,,1.020723982,0.984990619,1.013015184
W9208,1996,W9208.1996,F,6,WithCubs,5.37,99,59,1,W8808,W9208.1996,3.6394,-22.858,1.677966102,1996,6,3.23,0.87,5.59,3.6394,1.68,5.37,1.126749226,1.928696669,0.960644007
W9705,1996,,M,1,WithMother,5.52,34,43.5,1,W9208,W9208.1996,2.8456,-22.848,0.781609195,1996,1,3.23,0.87,5.59,,,,0.880990712,0.898401374,0.987477639
W9704,1996,,M,1,WithMother,5.66,43,45,1,W9208,W9208.1996,3.6198,-23.028,0.955555556,1996,1,3.23,0.87,5.59,,,,1.120681115,1.09833972,1.012522361
W9902,1998,,F,1,WithMother,5.94,45,46,1,W9208,W9208.1998,3.2376,-22.874,0.97826087,1998,1,3.24,0.98,5.94,,,,0.999259259,0.998225378,1
W9306,1997,W9306.1997,F,6,WithCubs,3.8,84,58,1,W8906,W9306.1997,3.316,-22.886,1.448275862,1997,6,4.36,0.58,4.45,3.316,1.45,3.8,0.760550459,2.497027348,0.853932584
W9809,1997,,M,1,WithMother,4.38,25,43,1,W9306,W9306.1997,4.0706,-23.166,0.581395349,1997,1,4.36,0.58,4.45,,,,0.933623853,1.002405774,0.984269663
W9808,1997,,F,1,WithMother,4.51,24,42,1,W9306,W9306.1997,4.6488,-23.226,0.571428571,1997,1,4.36,0.58,4.45,,,,1.066238532,0.985221674,1.013483146
W9307,1999,W9307.1999,F,8,WithCubs,4.77,89,59,1,W8906,W9307.1999,4.8742,-22.902,1.508474576,1999,8,3.8,0.79,5.05,4.8742,1.51,4.77,1.282684211,1.909461489,0.944554455
W0017,1999,,M,1,WithMother,5.05,30,38,1,W9307,W9307.1999,3.7962,-23.222,0.789473684,1999,1,3.8,0.79,5.05,,,,0.999,0.999333777,1
W9307,2001,W9307.2001,F,10,WithCubs,4.59,89,59,1,W8906,W9307.2001,6.8538,-23.008,1.508474576,2001,10,5.58,0.48,5.28,6.8538,1.51,4.59,1.22827957,3.142655367,0.869318182
W0211,2001,,M,1,WithMother,5.19,18.5,38,1,W9307,W9307.2001,5.3152,-22.878,0.486842105,2001,1,5.58,0.48,5.28,,,,0.952544803,1.014254385,0.982954545
W0210,2001,,M,1,WithMother,5.24,20,40,1,W9307,W9307.2001,5.9424,-22.968,0.5,2001,1,5.58,0.48,5.28,,,,1.064946237,1.041666667,0.992424242
W0212,2001,,F,1,WithMother,5.4,17,38,1,W9307,W9307.2001,5.4818,-22.868,0.447368421,2001,1,5.58,0.48,5.28,,,,0.982401434,0.932017544,1.022727273
W9307,2003,W9307.2003,F,12,WithCubs,4.48,110,65,2,W8906,W9307.2003,9.66,-23.574,1.692307692,2003,12,12.31,0.6,4.73,9.66,1.69,4.48,0.784727864,2.82051282,0.947145877
W0411,2003,,F,1,WithMother,4.62,23,39,2,W9307,W9307.2003,11.88,NA,0.58974359,2003,1,12.31,0.6,4.73,,,,0.96506905,0.982905983,0.976744186
W0410,2003,,F,1,WithMother,4.64,27,39,2,W9307,W9307.2003,12.18,-23.454,0.692307692,2003,1,12.31,0.6,4.73,,,,0.98943948,1.153846153,0.980972516
W0409,2003,,M,1,WithMother,4.93,21,40,2,W9307,W9307.2003,12.86,-23.504,0.525,2003,1,12.31,0.6,4.73,,,,1.044679123,0.875,1.042283298
W9308,1997,W9308.1997,F,10,WithCubs,4.26,95,63,1,W8811,W9308.1997,4.2372,-22.686,1.507936508,1997,10,4.35,0.54,5.03,4.2372,1.51,4.26,0.974068966,2.792475015,0.846918489
W9812,1997,,F,1,WithMother,4.6,20,42,1,W9308,W9308.1997,5.3642,-22.556,0.476190476,1997,1,4.35,0.54,5.03,,,,1.233149425,0.881834215,0.914512922
W9812,1997,,F,1,WithMother,4.94,20,42,1,W9308,W9308.1997,3.561,-23.106,0.476190476,1997,1,4.35,0.54,5.03,,,,0.81862069,0.881834215,0.982107356
W9813,1997,,M,1,WithMother,5.29,29,44,1,W9308,W9308.1997,4.2274,-22.676,0.659090909,1997,1,4.35,0.54,5.03,,,,0.971816092,1.22053872,1.051689861
W9814,1997,,F,1,WithMother,5.3,23,42,1,W9308,W9308.1997,4.2274,-22.696,0.547619048,1997,1,4.35,0.54,5.03,,,,0.971816092,1.014109348,1.053677932
W9308,2002,W9308.2002,F,15,WithCubs,4.34,101,65,2,W8811,W9308.2002,9.38,-22.736,1.553846154,2002,15,8.43,0.6,5.53,9.38,1.55,4.34,1.112692764,2.58974359,0.784810127
W0318,2002,,F,1,WithMother,5.51,25,41,2,W9308,W9308.2002,6.38,-22.866,0.609756098,2002,1,8.43,0.6,5.53,,,,0.756820878,1.016260163,0.996383363
W0319,2002,,M,1,WithMother,5.54,24,41,2,W9308,W9308.2002,10.47,-22.796,0.585365854,2002,1,8.43,0.6,5.53,,,,1.241992883,0.975609757,1.001808318
W9308,2005,W9308.2005,F,18,WithCubs,4.25,93,66,1,W8811,W9308.2005,5.0114,-22.91,1.409090909,2005,18,5.59,0.52,4.92,5.0114,1.41,4.25,0.896493739,2.70979021,0.863821138
W0614,2005,,M,1,WithMother,4.72,19,40,1,W9308,W9308.2005,6.2364,-23.14,0.475,2005,1,5.59,0.52,4.92,,,,1.115635063,0.913461538,0.959349593
W0613,2005,,M,1,WithMother,4.97,14.5,34,1,W9308,W9308.2005,4.7272,-23.2,0.426470588,2005,1,5.59,0.52,4.92,,,,0.845652952,0.820135746,1.010162602
W0612,2005,,M,1,WithMother,4.97,21.5,40,1,W9308,W9308.2005,4.149,-23.09,0.5375,2005,1,5.59,0.52,4.92,,,,0.742218247,1.033653846,1.010162602
W0615,2005,,M,1,WithMother,5.01,29,44,1,W9308,W9308.2005,7.2458,-23.17,0.659090909,2005,1,5.59,0.52,4.92,,,,1.296207513,1.267482517,1.018292683
W9308,2008,W9308.2008,F,21,WithCubs,4.08,110,70,2,W8811,W9308.2008,13.3,-22.814,1.571428571,2008,21,11.02,0.61,5.12,13.3,1.57,4.08,1.206896552,2.576112411,0.796875
W0906,2008,,M,1,WithMother,5.02,24,42,2,W9308,W9308.2008,11.67,-22.804,0.571428571,2008,1,11.02,0.61,5.12,,,,1.058983666,0.936768149,0.98046875
W0905,2008,,M,1,WithMother,5.21,28,43.5,2,W9308,W9308.2008,10.37,-22.924,0.643678161,2008,1,11.02,0.61,5.12,,,,0.941016334,1.0552101,1.017578125
W9310,1997,W9310.1997,F,6,WithCubs,3.99,90,62,1,W9308,W9310.1997,3.365,-22.546,1.451612903,1997,6,3.65,0.65,5.23,3.365,1.45,3.99,0.921917808,2.23325062,0.76290631
W9803,1997,,F,1,WithMother,5.23,28,43,1,W9310,W9310.1997,3.6492,-22.876,0.651162791,1997,1,3.65,0.65,5.23,,,,0.999780822,1.001788909,1
W9310,1999,W9310.1999,F,8,WithCubs,3.87,100,60,1,W9308,W9310.1999,4.3156,-22.902,1.666666667,1999,8,4.68,0.83,4.71,4.3156,1.67,3.87,0.922136752,2.008032129,0.821656051
W0008,1999,,F,1,WithMother,4.65,32,40,1,W9310,W9310.1999,4.1588,-23.282,0.8,1999,1,4.68,0.83,4.71,,,,0.888632479,0.963855422,0.987261146
W0006,1999,,M,1,WithMother,4.73,32,40,1,W9310,W9310.1999,5.3054,-23.112,0.8,1999,1,4.68,0.83,4.71,,,,1.133632479,0.963855422,1.004246285
W0007,1999,,M,1,WithMother,4.76,38,43,1,W9310,W9310.1999,4.5704,-23.102,0.88372093,1999,1,4.68,0.83,4.71,,,,0.976581197,1.064724012,1.010615711
W9310,2002,W9310.2002,F,11,WithCubs,3.2,88,64,1,W9308,W9310.2002,7.8338,-22.866,1.375,2002,11,6.28,0.64,4.55,7.8338,1.38,3.2,1.247420382,2.1484375,0.703296703
W0312,2002,,M,1,WithMother,4.27,24,31,1,W9310,W9310.2002,6.7264,-22.616,0.774193548,2002,1,6.28,0.64,4.55,,,,1.071082803,1.209677419,0.938461538
W0311,2002,,F,1,WithMother,4.82,20,40,1,W9310,W9310.2002,5.8346,-22.516,0.5,2002,1,6.28,0.64,4.55,,,,0.929076433,0.78125,1.059340659
W9403,1999,W9403.1999,F,7,WithCubs,4.89,102,58,1,W8808,W9403.1999,3.9432,-22.632,1.75862069,1999,7,3.97,0.8,5.22,3.9432,1.76,4.89,0.99324937,2.198275863,0.936781609
W0011,1999,,M,1,WithMother,5.21,32,39,1,W9403,W9403.1999,3.7962,-23.162,0.820512821,1999,1,3.97,0.8,5.22,,,,0.956221662,1.025641026,0.998084291
W0010,1999,,F,1,WithMother,5.23,30,38.5,1,W9403,W9403.1999,4.1392,-23.152,0.779220779,1999,1,3.97,0.8,5.22,,,,1.042619647,0.974025974,1.001915709
W9403,2001,W9403.2001,F,9,WithCubs,4.47,80,58,1,W8808,W9403.2001,5.6876,-22.748,1.379310345,2001,9,5.51,0.39,4.83,5.6876,1.38,4.47,1.032232305,3.536693192,0.925465839
W0216,2001,,M,1,WithMother,4.67,15,NA,1,W9403,W9403.2001,5.8542,-23.098,0.5,2001,1,5.51,0.39,4.83,,,,1.06246824,1.282051282,0.966873706
W0217,2001,,F,1,WithMother,4.72,10,35.5,1,W9403,W9403.2001,5.5112,-22.968,0.281690141,2001,1,5.51,0.39,4.83,,,,1.000217786,0.722282413,0.977225673
W0215,2001,,M,1,WithMother,5.1,14,37,1,W9403,W9403.2001,5.178,-22.938,0.378378378,2001,1,5.51,0.39,4.83,,,,0.939745917,0.970200969,1.055900621
W9403,2005,W9403.2005,F,13,WithCubs,4.41,90,62,2,W8808,W9403.2005,6.37,-23.25,1.451612903,2005,13,8,0.53,5.04,6.37,1.45,4.41,0.79625,2.73889227,0.875
W0618,2005,,M,1,WithMother,4.83,21,41,2,W9403,W9403.2005,9.66,-23.74,0.512195122,2005,1,8,0.53,5.04,,,,1.2075,0.966405891,0.958333333
W0619,2005,,M,1,WithMother,4.93,20,43,2,W9403,W9403.2005,7.54,-23.7,0.465116279,2005,1,8,0.53,5.04,,,,0.9425,0.877577885,0.978174603
W0620,2005,,F,1,WithMother,5.36,25,40,1,W9403,W9403.2005,6.795,-22.99,0.625,2005,1,8,0.53,5.04,,,,0.849375,1.179245283,1.063492063
W9403,2006,W9403.2006,F,14,WithCubs,4.82,90,61,1,W8808,W9403.2006,4.2666,-23.038,1.475409836,2006,14,3.82,0.93,4.69,4.2666,1.48,4.82,1.116910995,1.586462189,1.02771855
W0618,2006,,M,2,WithMother,4.65,50,50,1,W9403,W9403.2006,3.3454,-23.258,1,2006,2,3.82,0.93,4.69,,,,0.875759162,1.075268817,0.991471215
W0619,2006,,M,2,WithMother,4.72,42,49,1,W9403,W9403.2006,4.2862,-23.378,0.857142857,2006,2,3.82,0.93,4.69,,,,1.122041885,0.921658986,1.006396588
W9403,2008,W9403.2008,F,16,WithCubs,4.08,92,63,2,W8808,W9403.2008,8.18,-23.184,1.46031746,2008,16,11.05,0.39,4.79,8.18,1.46,4.08,0.740271493,3.744403744,0.85177453
W0908,2008,,M,1,WithMother,4.43,14,40,2,W9403,W9403.2008,13,-23.664,0.35,2008,1,11.05,0.39,4.79,,,,1.176470588,0.897435897,0.924843424
W0909,2008,,M,1,WithMother,4.89,19,40,2,W9403,W9403.2008,10.39,-23.684,0.475,2008,1,11.05,0.39,4.79,,,,0.940271493,1.217948718,1.020876827
W0907,2008,,M,1,WithMother,5.04,13,39,2,W9403,W9403.2008,9.76,-23.624,0.333333333,2008,1,11.05,0.39,4.79,,,,0.883257919,0.854700854,1.052192067
W9403,2009,W9403.2009,F,17,WithCubs,4.52,87,57,2,W8808,W9403.2009,7.72,-23.082,1.526315789,2009,17,6.24,0.73,4.59,7.72,1.53,4.52,1.237179487,2.090843547,0.984749455
W0907,2009,,M,2,WithMother,4.54,27,44,2,W9403,W9403.2009,6.46,-23.402,0.613636364,2009,2,6.24,0.73,4.59,,,,1.03525641,0.840597759,0.989106754
W0908,2009,,M,2,WithMother,4.55,33,42,2,W9403,W9403.2009,5.52,-23.522,0.785714286,2009,2,6.24,0.73,4.59,,,,0.884615385,1.07632094,0.991285403
W0909,2009,,M,2,WithMother,4.68,35,45,2,W9403,W9403.2009,6.74,-23.422,0.777777778,2009,2,6.24,0.73,4.59,,,,1.080128205,1.065449011,1.019607843
W9403,2012,W9403.2012,F,20,WithCubs,5.18,93,62.5,2,W8808,W9403.2012,5.69,-23.166,1.488,2012,20,10.23,0.48,5.56,5.69,1.49,5.18,0.556207234,3.1,0.931654676
W1303,2012,,F,1,WithMother,5.46,19,40.5,2,W9403,W9403.2012,7.66,-23.246,0.469135802,2012,1,10.23,0.48,5.56,,,,0.748778104,0.977366254,0.982014388
W1304,2012,,F,1,WithMother,5.66,19,39,2,W9403,W9403.2012,12.79,-23.206,0.487179487,2012,1,10.23,0.48,5.56,,,,1.250244379,1.014957265,1.017985612
W9404,1998,W9404.1998,F,6,WithCubs,4.05,89,57,1,W9008,W9404.1998,4.3254,-22.954,1.561403509,1998,6,3.9,0.58,4.44,4.3254,1.56,4.05,1.109076923,2.692075016,0.912162162
W9915,1998,,M,1,WithMother,4.31,26,42,1,W9404,W9404.1998,3.2768,-22.904,0.619047619,1998,1,3.9,0.58,4.44,,,,0.840205128,1.067323481,0.970720721
W9913,1998,,F,1,WithMother,4.34,23,40,1,W9404,W9404.1998,4.1686,-22.974,0.575,1998,1,3.9,0.58,4.44,,,,1.068871795,0.99137931,0.977477477
W9914,1998,,F,1,WithMother,4.67,22,41,1,W9404,W9404.1998,4.2568,-22.824,0.536585366,1998,1,3.9,0.58,4.44,,,,1.091487179,0.925147183,1.051801802
W9404,2001,W9404.2001,F,9,WithCubs,4.11,104,64,1,W9008,W9404.2001,4.2176,-23.188,1.625,2001,9,5.82,0.55,4.53,4.2176,1.63,4.11,0.72467354,2.954545455,0.907284768
W0222,2001,,M,1,WithMother,4.42,23,41.5,1,W9404,W9404.2001,6.2462,-23.148,0.554216867,2001,1,5.82,0.55,4.53,,,,1.073230241,1.007667031,0.975717439
W0221,2001,,F,1,WithMother,4.46,23,40,1,W9404,W9404.2001,5.1976,-23.178,0.575,2001,1,5.82,0.55,4.53,,,,0.893058419,1.045454545,0.984547461
W0223,2001,,F,1,WithMother,4.7,21,40,1,W9404,W9404.2001,6.0306,-23.038,0.525,2001,1,5.82,0.55,4.53,,,,1.036185567,0.954545455,1.037527594
W9502,1999,W9502.1999,F,6,WithCubs,4.97,104,63,1,W9308,W9502.1999,3.8746,-22.792,1.650793651,1999,6,3.8,0.94,5.83,3.8746,1.65,4.97,1.019631579,1.756163459,0.852487136
W0009,1999,,M,1,WithMother,5.83,37,39.5,1,W9502,W9502.1999,3.7962,-23.072,0.936708861,1999,1,3.8,0.94,5.83,,,,0.999,0.996498788,1
W9502,2001,W9502.2001,F,8,WithCubs,4.2,88,62,1,W9308,W9502.2001,7.4124,-23.168,1.419354839,2001,8,5.14,0.54,5.05,7.4124,1.42,4.2,1.442101167,2.628434887,0.831683168
W0206,2001,,M,1,WithMother,4.91,21,39,1,W9502,W9502.2001,5.9228,-22.988,0.538461538,2001,1,5.14,0.54,5.05,,,,1.15229572,0.997150996,0.972277228
W0205,2001,,F,1,WithMother,5.06,18,38,1,W9502,W9502.2001,4.8154,-23.058,0.473684211,2001,1,5.14,0.54,5.05,,,,0.936848249,0.877192983,1.001980198
W0207,2001,,M,1,WithMother,5.19,26,42,1,W9502,W9502.2001,4.688,-22.888,0.619047619,2001,1,5.14,0.54,5.05,,,,0.912062257,1.14638448,1.027722772
W9502,2003,W9502.2003,F,10,WithCubs,3.85,100,64,1,W9308,W9502.2003,4.6194,-23.464,1.5625,2003,10,4.16,0.64,4.8,4.6194,1.56,3.85,1.110432692,2.44140625,0.802083333
W0401,2003,,F,1,WithMother,4.61,21,40,1,W9502,W9502.2003,4.394,-23.404,0.525,2003,1,4.16,0.64,4.8,,,,1.05625,0.8203125,0.960416667
W0403,2003,,F,1,WithMother,4.83,26,42,1,W9502,W9502.2003,4.0118,-23.104,0.619047619,2003,1,4.16,0.64,4.8,,,,0.964375,0.967261905,1.00625
W0402,2003,,F,1,WithMother,4.85,30,42,1,W9502,W9502.2003,4.345,-23.614,0.714285714,2003,1,4.16,0.64,4.8,,,,1.044471154,1.116071428,1.010416667
W0402,2003,,F,1,WithMother,4.9,30,42,1,W9502,W9502.2003,3.904,-23.054,0.714285714,2003,1,4.16,0.64,4.8,,,,0.938461538,1.116071428,1.020833333
W9504,1999,W9504.1999,F,6,WithCubs,4.99,82,57,1,W9308,W9504.1999,4.688,-22.742,1.438596491,1999,6,4.19,0.68,5.7,4.688,1.44,4.99,1.118854415,2.115583075,0.875438596
W0019,1999,,F,1,WithMother,5.66,24,37,1,W9504,W9504.1999,3.7276,-22.872,0.648648649,1999,1,4.19,0.68,5.7,,,,0.889642005,0.953895072,0.992982456
W0020,1999,,F,1,WithMother,5.69,24,36,1,W9504,W9504.1999,4.933,-22.952,0.666666667,1999,1,4.19,0.68,5.7,,,,1.177326969,0.980392157,0.998245614
W0018,1999,,F,1,WithMother,5.75,27,38,1,W9504,W9504.1999,3.9236,-22.992,0.710526316,1999,1,4.19,0.68,5.7,,,,0.936420048,1.044891641,1.00877193
W9615,2002,W9615.2002,F,8,WithCubs,4.35,92,58,1,W8905,W9615.2002,4.5802,-22.586,1.586206897,2002,8,4.14,0.53,5.11,4.5802,1.59,4.35,1.106328502,2.992843202,0.851272016
W0317,2002,,F,1,WithMother,5.11,21,40,1,W9615,W9615.2002,4.1392,-22.616,0.525,2002,1,4.14,0.53,5.11,,,,0.999806763,0.990566038,1
W9615,2004,W9615.2004,F,10,WithCubs,3.88,95,62,2,W8905,W9615.2004,6.9,-23.002,1.532258065,2004,10,10.11,0.56,4.46,6.9,1.53,3.88,0.682492582,2.736175116,0.869955157
W0515,2004,,M,1,WithMother,4.3,27,43,2,W9615,W9615.2004,8.65,-23.112,0.627906977,2004,1,10.11,0.56,4.46,,,,0.855588526,1.121262459,0.964125561
W0514,2004,,M,1,WithMother,4.61,20,40,2,W9615,W9615.2004,11.56,-22.792,0.5,2004,1,10.11,0.56,4.46,,,,1.143422354,0.892857143,1.033632287
W9615,2006,W9615.2006,F,12,WithCubs,4.95,106,63,1,W8905,W9615.2006,3.8256,-23.048,1.682539683,2006,12,5.28,0.68,5.33,3.8256,1.68,4.95,0.724545455,2.474323063,0.928705441
W0705,2006,,M,1,WithMother,5.18,30,42,1,W9615,W9615.2006,4.8252,-23.108,0.714285714,2006,1,5.28,0.68,5.33,,,,0.913863636,1.050420168,0.971857411
W0704,2006,,M,1,WithMother,5.47,26,40.5,1,W9615,W9615.2006,5.7268,-23.228,0.641975309,2006,1,5.28,0.68,5.33,,,,1.084621212,0.944081337,1.026266417
W9615,2008,W9615.2008,F,14,WithCubs,4.36,105,63,2,W8905,W9615.2008,11.17,-22.854,1.666666667,2008,14,13.58,0.61,4.46,11.17,1.67,4.36,0.822533137,2.732240438,0.977578475
W0910,2008,,M,1,WithMother,4.46,25,41,2,W9615,W9615.2008,13.58,-23.114,0.609756098,2008,1,13.58,0.61,4.46,,,,1,0.999600161,1
W9615,2010,W9615.2010,F,16,WithCubs,4.61,90,58,2,W8905,W9615.2010,12.77,-22.26,1.551724138,2010,16,9.94,0.43,4.58,12.77,1.55,4.61,1.284708249,3.608660786,1.006550218
W1105,2010,,F,1,WithMother,4.46,17,38.5,2,W9615,W9615.2010,9.67,-22.52,0.441558442,2010,1,9.94,0.43,4.58,,,,0.972837022,1.026880098,0.973799127
W1104,2010,,F,1,WithMother,4.7,16,39,2,W9615,W9615.2010,10.2,-22.51,0.41025641,2010,1,9.94,0.43,4.58,,,,1.026156942,0.954084674,1.026200873
W9804,2002,W9804.2002,F,6,WithCubs,4.13,64,56,2,W9008,W9804.2002,16.2,-22.766,1.142857143,2002,6,11.87,0.37,4.76,16.2,1.14,4.13,1.364785173,3.088803089,0.867647059
W0308,2002,,M,1,WithMother,4.7,17,38,2,W9804,W9804.2002,10.3,-22.926,0.447368421,2002,1,11.87,0.37,4.76,,,,0.867733783,1.209103841,0.987394958
W0309,2002,,F,1,WithMother,4.82,10,35,2,W9804,W9804.2002,13.43,-22.966,0.285714286,2002,1,11.87,0.37,4.76,,,,1.131423757,0.772200773,1.012605042
W9804,2004,W9804.2004,F,8,WithCubs,4.05,74,55,1,W9008,W9804.2004,4.4528,NA,1.345454545,2004,8,7.93,0.54,4.39,4.4528,1.35,4.05,0.561513241,2.491582491,0.922551253
W0510,2004,,M,1,WithMother,4.3,19,40,1,W9804,W9804.2004,7.3046,-23.092,0.475,2004,1,7.93,0.54,4.39,,,,0.921134931,0.87962963,0.979498861
W0511,2004,,F,1,WithMother,4.48,17,28,1,W9804,W9804.2004,8.5492,-23.042,0.607142857,2004,1,7.93,0.54,4.39,,,,1.078083228,1.124338624,1.020501139
W0310,2002,,M,1,WithMother,4.62,22,NA,1,W9806,W9806.2002,5.2564,-23.126,0.5,2002,1,5.26,0.5,4.62,,,,0.999315589,1,1
W9806,2004,W9806.2004,F,9,WithCubs,4.29,94,64,1,W0121,W9806.2004,5.178,-23.112,1.46875,2004,9,5.95,0.58,5.01,5.178,1.47,4.29,0.870252101,2.532327586,0.856287425
W0503,2004,,F,1,WithMother,4.97,24,42,1,W9806,W9806.2004,5.3936,-22.972,0.571428571,2004,1,5.95,0.58,5.01,,,,0.906487395,0.985221674,0.992015968
W0502,2004,,M,1,WithMother,5.05,24,41,1,W9806,W9806.2004,6.5108,-23.132,0.585365854,2004,1,5.95,0.58,5.01,,,,1.094252101,1.009251472,1.007984032
W9806,2006,W9806.2006,F,11,WithCubs,4.63,91,64,1,W0121,W9806.2006,4.8938,-23.208,1.421875,2006,11,5.28,0.56,5.48,4.8938,1.42,4.63,0.926856061,2.5390625,0.844890511
W0703,2006,,F,1,WithMother,5.35,20.5,40,1,W9806,W9806.2006,5.7268,-23.298,0.5125,2006,1,5.28,0.56,5.48,,,,1.084621212,0.915178571,0.976277372
W0711,2006,,M,1,WithMother,5.61,24,40,1,W9806,W9806.2006,4.8252,-23.158,0.6,2006,1,5.28,0.56,5.48,,,,0.913863636,1.071428571,1.023722628
W9814,2003,W9814.2003,F,7,WithCubs,3.84,87,61,1,W9308,W9814.2003,3.806,-22.854,1.426229508,2003,7,4.98,0.57,5.1,3.806,1.43,3.84,0.764257028,2.502157032,0.752941176
W0417,2003,,M,1,WithMother,5.1,22,38.5,1,W9814,W9814.2003,4.982,-22.884,0.571428571,2003,1,4.98,0.57,5.1,,,,1.000401606,1.002506265,1
W9814,2006,W9814.2006,F,10,WithCubs,4.17,85,62,1,W9308,W9814.2006,4.8938,-22.748,1.370967742,2006,10,4.47,0.49,5.18,4.8938,1.37,4.17,1.094809843,2.797893351,0.805019305
W0707,2006,,F,1,WithMother,5.12,19,39,1,W9814,W9814.2006,4.3254,-22.688,0.487179487,2006,1,4.47,0.49,5.18,,,,0.967651007,0.994243851,0.988416988
W0706,2006,,F,1,WithMother,5.24,19,39,1,W9814,W9814.2006,4.6194,-22.778,0.487179487,2006,1,4.47,0.49,5.18,,,,1.033422819,0.994243851,1.011583012
W9814,2009,W9814.2009,F,13,WithCubs,4.16,86,63,2,W9308,W9814.2009,16.33,-23.052,1.365079365,2009,13,8.3,0.46,4.55,16.33,1.37,4.16,1.96746988,2.967563837,0.914285714
W1013,2009,,M,1,WithMother,4.36,20,40.5,2,W9814,W9814.2009,6.32,-22.842,0.49382716,2009,1,8.3,0.46,4.55,,,,0.761445783,1.073537304,0.958241758
W1014,2009,,M,1,WithMother,4.74,18,42,2,W9814,W9814.2009,10.27,-23.272,0.428571429,2009,1,8.3,0.46,4.55,,,,1.237349398,0.93167702,1.041758242
W9903,2004,W9903.2004,F,8,WithCubs,4.01,75,60,1,NA,W9903.2004,6.4716,-22.622,1.25,2004,8,6.52,0.51,4.16,6.4716,1.25,4.01,0.992576687,2.450980392,0.963942308
W0509,2004,,F,1,WithMother,4.16,22,43,1,W9903,W9903.2004,6.5206,-22.812,0.511627907,2004,1,6.52,0.51,4.16,,,,1.000092025,1.003191975,1
W9903,2007,W9903.2007,F,11,WithCubs,4.07,71,61,1,NA,W9903.2007,10.2152,-22.686,1.163934426,2007,11,5.65,0.42,4.6,10.2152,1.16,4.07,1.808,2.771272443,0.884782609
W0822,2007,,M,1,WithMother,4.51,17.5,41.5,1,W9903,W9903.2007,5.9228,-23.036,0.421686747,2007,1,5.65,0.42,4.6,,,,1.048283186,1.004016064,0.980434783
W0821,2007,,M,1,WithMother,4.68,15,36.5,1,W9903,W9903.2007,5.3838,-22.686,0.410958904,2007,1,5.65,0.42,4.6,,,,0.952884956,0.978473581,1.017391304
W9903,2009,W9903.2009,F,13,WithCubs,4.27,78,63,2,NA,W9903.2009,13.65,-22.702,1.238095238,2009,13,10.24,0.46,4.41,13.65,1.24,4.27,1.333007813,2.691511387,0.968253968
W1007,2009,,M,1,WithMother,4.13,17.5,39,2,W9903,W9903.2009,8.89,-23.322,0.448717949,2009,1,10.24,0.46,4.41,,,,0.868164063,0.975473802,0.936507937
W1008,2009,,M,1,WithMother,4.42,19,39.5,2,W9903,W9903.2009,8.96,-23.302,0.481012658,2009,1,10.24,0.46,4.41,,,,0.875,1.045679691,1.002267574
W1009,2009,,F,1,WithMother,4.67,17,38,2,W9903,W9903.2009,12.87,-23.262,0.447368421,2009,1,10.24,0.46,4.41,,,,1.256835938,0.972540046,1.058956916
W1614,2015,,F,1,WithMother,4.73,17.8,37,2,W9903,W9903.2015,13.02,-23.48,0.481081081,2015,1,13.02,0.48,4.73,,,,1,1.002252252,1
W9904,1998,W9904.1998,F,5,WithCubs,5.21,111,60,1,94S95,W9904.1998,2.8456,-22.074,1.85,1998,5,3.01,0.63,7.33,2.8456,1.85,5.21,0.94538206,2.936507937,0.710777626
W9905,1998,,F,1,WithMother,7.33,26,41,1,W9904,W9904.1998,3.0122,-21.694,0.634146341,1998,1,3.01,0.63,7.33,,,,1.000730897,1.006581494,1
W9909,2000,W9909.2000,F,12,WithCubs,4.7,100,61,1,NA,W9909.2000,5.2858,NA,1.639344262,2000,12,3.96,0.72,5.5,5.2858,1.64,4.7,1.33479798,2.276867031,0.854545455
W0104,2000,,F,1,WithMother,5.21,34,45,1,W9909,W9909.2000,4.1294,-22.81,0.755555556,2000,1,3.96,0.72,5.5,,,,1.042777778,1.049382717,0.947272727
W0106,2000,,M,1,WithMother,5.57,26.5,42.5,1,W9909,W9909.2000,4.3352,-22.96,0.623529412,2000,1,3.96,0.72,5.5,,,,1.094747475,0.866013072,1.012727273
W0105,2000,,F,1,WithMother,5.72,35,45,1,W9909,W9909.2000,3.4042,-22.79,0.777777778,2000,1,3.96,0.72,5.5,,,,0.859646465,1.080246914,1.04
W9909,2002,W9909.2002,F,14,WithCubs,3.86,78,66,1,NA,W9909.2002,4.247,-22.906,1.181818182,2002,14,4.33,0.5,4.86,4.247,1.18,3.86,0.980831409,2.363636364,0.794238683
W0305,2002,,F,1,WithMother,4.79,24,NA,1,W9909,W9909.2002,5.0016,-22.956,0.5,2002,1,4.33,0.5,4.86,,,,1.155103926,1,0.985596708
W0304,2002,,F,1,WithMother,4.8,29,NA,1,W9909,W9909.2002,3.4238,-22.966,0.5,2002,1,4.33,0.5,4.86,,,,0.790715935,1,0.987654321
W0306,2002,,F,1,WithMother,4.99,24.5,NA,1,W9909,W9909.2002,4.5508,-22.846,0.5,2002,1,4.33,0.5,4.86,,,,1.050993072,1,1.026748971
W9909,2005,W9909.2005,F,17,WithCubs,4.75,109,65,1,NA,W9909.2005,3.8354,-23.3,1.676923077,2005,17,3.67,0.85,5.67,3.8354,1.68,4.75,1.04506812,1.972850679,0.837742504
W0603,2005,,F,1,WithMother,5.67,41,48,1,W9909,W9909.2005,3.6688,-23.06,0.854166667,2005,1,3.67,0.85,5.67,,,,0.999673025,1.004901961,1
W9913,2003,W9913.2003,F,6,WithCubs,3.67,101,60,1,W9404,W9913.2003,2.6986,-22.894,1.683333333,2003,6,3.44,0.61,4.38,2.6986,1.68,3.67,0.784476744,2.759562841,0.837899543
W0416,2003,,F,1,WithMother,4.35,25,45,1,W9913,W9913.2003,3.7864,-23.234,0.555555556,2003,1,3.44,0.61,4.38,,,,1.100697674,0.910746813,0.993150685
W0415,2003,,F,1,WithMother,4.41,27,41,1,W9913,W9913.2003,3.1004,-23.254,0.658536585,2003,1,3.44,0.61,4.38,,,,0.90127907,1.079568172,1.006849315
W9913,2005,W9913.2005,F,8,WithCubs,3.99,99,62,1,W9404,W9913.2005,4.639,-23.22,1.596774194,2005,8,5.84,0.48,4.92,4.639,1.6,3.99,0.794349315,3.326612904,0.81097561
W0621,2005,,F,1,WithMother,4.53,18,40,1,W9913,W9913.2005,4.5312,-23.28,0.45,2005,1,5.84,0.48,4.92,,,,0.775890411,0.9375,0.920731707
W0622,2005,,F,1,WithMother,4.81,20.5,40,1,W9913,W9913.2005,7.579,-23.37,0.5125,2005,1,5.84,0.48,4.92,,,,1.297773973,1.067708333,0.977642276
W9914,2005,W9914.2005,F,8,WithCubs,4.51,94,63,1,W9404,W9914.2005,3.7472,-22.69,1.492063492,2005,8,5.84,0.48,4.92,3.7472,1.49,4.51,0.641643836,3.108465608,0.916666667
W0623,2005,,F,1,WithMother,5.43,20.5,42,1,W9914,W9914.2005,5.4034,-22.95,0.488095238,2005,1,5.84,0.48,4.92,,,,0.925239726,1.016865079,1.103658537
W9914,2008,W9914.2008,F,11,WithCubs,4.43,95,63,2,W9404,W9914.2008,12.28,-22.914,1.507936508,2008,11,12.4,0.52,4.88,12.28,1.51,4.43,0.990322581,2.8998779,0.907786885
W0911,2008,,M,1,WithMother,4.72,17,40,2,W9914,W9914.2008,15.55,-23.344,0.425,2008,1,12.4,0.52,4.88,,,,1.254032258,0.817307692,0.967213115
W0912,2008,,M,1,WithMother,5.04,27,43.5,2,W9914,W9914.2008,9.24,-23.024,0.620689655,2008,1,12.4,0.52,4.88,,,,0.74516129,1.193633952,1.032786885
W9914,2012,W9914.2012,F,15,WithCubs,4.58,98,61,2,W9404,W9914.2012,7.84,-23.366,1.606557377,2012,15,10.79,0.53,5.3,7.84,1.61,4.58,0.726598703,3.031240334,0.864150943
W1309,2012,,F,1,WithMother,5.3,21,40,2,W9914,W9914.2012,10.79,-22.186,0.525,2012,1,10.79,0.53,5.3,,,,1,0.990566038,1
